,aléas,avalanche,catastrophe naturelle,cyclone,dommage,évènement naturel,eruption volcanique,gestion des risques,grand froid,menaces,phénomènes,plu,ppr,prévention,résilience,séisme,servitudes d’utilités publics,tempête,tsunami,urbanisme,vigilance,vulnérabilité des milieux,zonage,cavité souterraine,canicule,mouvement de terrain,retrait d’argile,gonflement d’argile,sécheresse,brûlage,canadair,débroussaillement,départs de feu,diffusion,étincelles,feu,feu de forêt,garrigue,incendie,inflammable,pinède,propagation,sapeurs-pompiers ,vigie-feu,champ d'expansion des crues,coulée de boue,crue,écoulements torrentiels,torrents,épisode cévénol,hydraulique,imperméabilisation,inondation,laminage,nappes souterraines,nappes captives,nappes eaux libres,nappes phréatiques,perméable,rétention,ruissellement,zone inondable,zone non saturée,afpcn,association française pour la prévention des catastrophes naturelles,apr,analyse préliminaire des risques,amde,analyse des modes de défaillances et de leurs effets,amdec,analyse des modes de défaillances et de leurs effets et de leur criticité,brgm,bureau de recherche géologique et minières,cerema,"centre d’etudes et d’expertises sur les risques, l’environnement, la mobilité et l’aménagement",ddt,direction départementale des territoires,ddtm,direction départementale des territoires et de la mer,dfci,défense de la forêt contre l’incendie,dicrim,document d’informations communal sur les risques majeurs,dreal,"direction régionale de l’environnement, de l’aménagement et du logement",hazid,hazard identification,hazop,hazard operability,orsec,organisation de la réponse de securité civile,papi,programme d’actions pour la prévention des inondations,phec,plus haute eau connue,plan de prévention des risques ,pprn,plan de prévention des risques naturels,ppms,plan particulier de mise en sûreté,pcs,plan communal de sauvegarde,spc,service de prévention des crues
0,,avalanche,calamité naturelle,tourbillon,dégât,évènement naturel,,maniement des risques,adulte froid,,,,,préjugé,résistance,tremblement_de_terre,,chapeau_melon,raz-de-marée,urbanisme,vigilance,vulnérabilité des milieux,zonage,cavité souterraine,vague_de_chaleur,jeter de terrain,suppression d’argile,gonflement d’argile,,,bombardier,,,retransmission,,feu_tricolore,feu_tricolore de forêt,,propagateur,inflammable,,propagation,sapeurs-pompiers ,,place d'expansion des crues,,,,,épisode cévénol,hydraulique,,submerger,,,,,,,rétention,,pays inondable,pays non saturée,,connexion française pour la prévention des catastrophes naturelles,,enquête préliminaire des risques,,enquête des modes de défaillances et de leurs effets,,enquête des modes de défaillances et de leurs effets et de leur criticité,,ministère de recherche géologique et minières,,"core d’etudes et d’expertises sur les risques, l’environnement, la mobilité et l’aménagement",DDT,commission départementale des territoires,,commission départementale des territoires et de la mer,,interdiction de la forêt contre l’incendie,,pièce d’informations communal sur les risques majeurs,,"commission régionale de l’environnement, de l’aménagement et du logement",,,,,,organe de la réponse de securité civile,grand-papa,planning d’actions pour la prévention des inondations,,plus haute eau connue,diagramme de prévention des risques ,,diagramme de prévention des risques naturels,,diagramme particulier de mise en sûreté,,diagramme communal de sauvegarde,,obligation de prévention des crues
1,,,désastre naturelle,cyclone,dommage,événement naturel,,direction des risques,important froid,,,,,prévention,résilience,carquois,,bagarre,tsunami,,,,,trou souterraine,chaleur,gesticulation de terrain,sevrage d’argile,bosse d’argile,,,canadair,,,diffusion,,ardeur,ardeur de forêt,,carburant,,,multiplication,,,plaine d'expansion des crues,,,,,suite cévénol,,,flot,,,,,,,conservation,,royaume inondable,royaume non saturée,,affiliation française pour la prévention des catastrophes naturelles,,psychanalyse préliminaire des risques,,psychanalyse des modes de défaillances et de leurs effets,,psychanalyse des modes de défaillances et de leurs effets et de leur criticité,,autorité de recherche géologique et minières,,"somme d’etudes et d’expertises sur les risques, l’environnement, la mobilité et l’aménagement",dichlorodiphényltrichloroéthane,direction départementale des territoires,,direction départementale des territoires et de la mer,,mécanismes_de_défense de la forêt contre l’incendie,,carte d’informations communal sur les risques majeurs,,"direction régionale de l’environnement, de l’aménagement et du logement",,,,,,système de la réponse de securité civile,aïeul,plate-forme d’actions pour la prévention des inondations,,très haute eau connue,carte de prévention des risques ,,carte de prévention des risques naturels,,carte particulier de mise en sûreté,,carte communal de sauvegarde,,subdivision de prévention des crues
2,,,fléau naturelle,tornade,détérioration,,,gouvernement des risques,significatif froid,,,,,,,séisme,,orage,,,,,,,canicule,mouvement de terrain,élimination d’argile,sac d’argile,,,,,,circulation,,incendie,incendie de forêt,,ouvrir_le_feu,,,génération,,,orbite d'expansion des crues,,,,,séquence cévénol,,,déluge,,,,,,,détention,,espace inondable,espace non saturée,,association française pour la prévention des catastrophes naturelles,,étudier préliminaire des risques,,étudier des modes de défaillances et de leurs effets,,étudier des modes de défaillances et de leurs effets et de leur criticité,,bureau de recherche géologique et minières,,"winkelgalerij d’etudes et d’expertises sur les risques, l’environnement, la mobilité et l’aménagement",,sens départementale des territoires,,sens départementale des territoires et de la mer,,réfutation de la forêt contre l’incendie,,fichier_texte_simple d’informations communal sur les risques majeurs,,"sens régionale de l’environnement, de l’aménagement et du logement",,,,,,création de la réponse de securité civile,papy,programme d’actions pour la prévention des inondations,,moins haute eau connue,schéma de prévention des risques ,,schéma de prévention des risques naturels,,schéma particulier de mise en sûreté,,schéma communal de sauvegarde,,département de prévention des crues
3,,,cataclysme naturelle,,prix,,,traitement des risques,supérieur froid,,,,,,,tremblement,,vent,,,,,,,,campagne de terrain,éloignement d’argile,,,,,,,dissémination,,arme_à_feu,arme_à_feu de forêt,,incendier,,,,,,portée d'expansion des crues,,,,,,,,afflux,,,,,,,maintien,,district inondable,district non saturée,,relation française pour la prévention des catastrophes naturelles,,analyse préliminaire des risques,,analyse des modes de défaillances et de leurs effets,,analyse des modes de défaillances et de leurs effets et de leur criticité,,fonction de recherche géologique et minières,,"milieu d’etudes et d’expertises sur les risques, l’environnement, la mobilité et l’aménagement",,guidance départementale des territoires,,guidance départementale des territoires et de la mer,,interdire de la forêt contre l’incendie,,titre d’informations communal sur les risques majeurs,,"guidance régionale de l’environnement, de l’aménagement et du logement",,,,,,formation de la réponse de securité civile,bon-papa,programme_informatique d’actions pour la prévention des inondations,,outre haute eau connue,plan de prévention des risques ,,plan de prévention des risques naturels,,plan particulier de mise en sûreté,,plan communal de sauvegarde,,poste de prévention des crues
4,,,catastrophe naturelle,,honte,,,présidence des risques,orgueilleux froid,,,,,,,,,force,,,,,,,,coup de terrain,retrait d’argile,,,,,,,radiodiffusion,,pompier,pompier de forêt,,attaque,,,,,,terrain d'expansion des crues,,,,,,,,inonder,,,,,,,,,orbite inondable,orbite non saturée,,,,analyse_qualitative préliminaire des risques,,analyse_qualitative des modes de défaillances et de leurs effets,,analyse_qualitative des modes de défaillances et de leurs effets et de leur criticité,,pouvoir de recherche géologique et minières,,"bourse d’etudes et d’expertises sur les risques, l’environnement, la mobilité et l’aménagement",,orientation départementale des territoires,,orientation départementale des territoires et de la mer,,département_de_la_défense_des_états-unis de la forêt contre l’incendie,,acte_notarié d’informations communal sur les risques majeurs,,"orientation régionale de l’environnement, de l’aménagement et du logement",,,,,,corps de la réponse de securité civile,papi,ordre_du_jour d’actions pour la prévention des inondations,,somme haute eau connue,déclivité de prévention des risques ,,déclivité de prévention des risques naturels,,déclivité particulier de mise en sûreté,,déclivité communal de sauvegarde,,succursale de prévention des crues
5,,,,,préjudice,,,administration des risques,profus froid,,,,,,,,,surprendre,,,,,,,,proposition de terrain,,,,,,,,,,contexte,contexte de forêt,,incendie,,,,,,piste d'expansion des crues,,,,,,,,flux,,,,,,,,,aire inondable,aire non saturée,,,,examen préliminaire des risques,,examen des modes de défaillances et de leurs effets,,examen des modes de défaillances et de leurs effets et de leur criticité,,commode de recherche géologique et minières,,"centre d’etudes et d’expertises sur les risques, l’environnement, la mobilité et l’aménagement",,voie départementale des territoires,,voie départementale des territoires et de la mer,,apologie de la forêt contre l’incendie,,certification d’informations communal sur les risques majeurs,,"voie régionale de l’environnement, de l’aménagement et du logement",,,,,,administration de la réponse de securité civile,grand-père,application d’actions pour la prévention des inondations,,obtention haute eau connue,projeter de prévention des risques ,,projeter de prévention des risques naturels,,projeter particulier de mise en sûreté,,projeter communal de sauvegarde,,service_militaire de prévention des crues
6,,,,,détériorer,,,management des risques,primordial froid,,,,,,,,,altercation,,,,,,,,tendance de terrain,,,,,,,,,,nourrir,nourrir de forêt,,attentat,,,,,,domaine d'expansion des crues,,,,,,,,inondation,,,,,,,,,monde inondable,monde non saturée,,,,,,,,,,administration_fédérale de recherche géologique et minières,,"viande d’etudes et d’expertises sur les risques, l’environnement, la mobilité et l’aménagement",,administration départementale des territoires,,administration départementale des territoires et de la mer,,justification de la forêt contre l’incendie,,fichier_texte d’informations communal sur les risques majeurs,,"administration régionale de l’environnement, de l’aménagement et du logement",,,,,,gérance de la réponse de securité civile,pépé,projet d’actions pour la prévention des inondations,,maintenant haute eau connue,programmer de prévention des risques ,,programmer de prévention des risques naturels,,programmer particulier de mise en sûreté,,programmer communal de sauvegarde,,fonction de prévention des crues
7,,,,,,,,gestion des risques,capital froid,,,,,,,,,querelle,,,,,,,,accident_vasculaire_cérébral de terrain,,,,,,,,,,clair,clair de forêt,,nourrir,,,,,,boussole d'expansion des crues,,,,,,,,torrent,,,,,,,,,territoire inondable,territoire non saturée,,,,,,,,,,agence de recherche géologique et minières,,"axer d’etudes et d’expertises sur les risques, l’environnement, la mobilité et l’aménagement",,management départementale des territoires,,management départementale des territoires et de la mer,,sécurité de la forêt contre l’incendie,,fichier_ascii d’informations communal sur les risques majeurs,,"management régionale de l’environnement, de l’aménagement et du logement",,,,,,établissement de la réponse de securité civile,,calendrier d’actions pour la prévention des inondations,,actif haute eau connue,esquisse de prévention des risques ,,esquisse de prévention des risques naturels,,esquisse particulier de mise en sûreté,,esquisse communal de sauvegarde,,facilité de prévention des crues
8,,,,,,,,,grand froid,,,,,,,,,tempête,,,,,,,,question de terrain,,,,,,,,,,flamme,flamme de forêt,,prescrire,,,,,,gisement d'expansion des crues,,,,,,,,,,,,,,,,,contrée inondable,contrée non saturée,,,,,,,,,,organisme de recherche géologique et minières,,"centre_d'achat d’etudes et d’expertises sur les risques, l’environnement, la mobilité et l’aménagement",,gestion départementale des territoires,,gestion départementale des territoires et de la mer,,defence_force_football_club de la forêt contre l’incendie,,fichier_texte_brut d’informations communal sur les risques majeurs,,"gestion régionale de l’environnement, de l’aménagement et du logement",,,,,,groupe de la réponse de securité civile,,horaire d’actions pour la prévention des inondations,,positif haute eau connue,rabot de prévention des risques ,,rabot de prévention des risques naturels,,rabot particulier de mise en sûreté,,rabot communal de sauvegarde,,service de prévention des crues
9,,,,,,,,,génial froid,,,,,,,,,derby,,,,,,,,motion de terrain,,,,,,,,,,tirer,tirer de forêt,,partir,,,,,,ampleur d'expansion des crues,,,,,,,,,,,,,,,,,quartier inondable,quartier non saturée,,,,,,,,,,sein de recherche géologique et minières,,"centre_d'achats d’etudes et d’expertises sur les risques, l’environnement, la mobilité et l’aménagement",,mode départementale des territoires,,mode départementale des territoires et de la mer,,mécanisme_de_défense de la forêt contre l’incendie,,papier d’informations communal sur les risques majeurs,,"mode régionale de l’environnement, de l’aménagement et du logement",,,,,,constitution de la réponse de securité civile,,plan d’actions pour la prévention des inondations,,strictement_positif haute eau connue,projet de prévention des risques ,,projet de prévention des risques naturels,,projet particulier de mise en sûreté,,projet communal de sauvegarde,,faveur de prévention des crues
10,,,,,,,,,robuste froid,,,,,,,,,coup,,,,,,,,effort de terrain,,,,,,,,,,situer,situer de forêt,,flamme,,,,,,sphère d'expansion des crues,,,,,,,,,,,,,,,,,domaine inondable,domaine non saturée,,,,,,,,,,office de recherche géologique et minières,,"échange d’etudes et d’expertises sur les risques, l’environnement, la mobilité et l’aménagement",,avis départementale des territoires,,avis départementale des territoires et de la mer,,cotisation de la forêt contre l’incendie,,documentation d’informations communal sur les risques majeurs,,"avis régionale de l’environnement, de l’aménagement et du logement",,,,,,organisme de la réponse de securité civile,,conception d’actions pour la prévention des inondations,,atout haute eau connue,conception de prévention des risques ,,conception de prévention des risques naturels,,conception particulier de mise en sûreté,,conception communal de sauvegarde,,devoir de prévention des crues
11,,,,,,,,,fanfaron froid,,,,,,,,,melon,,,,,,,,geste de terrain,,,,,,,,,,feutre,feutre de forêt,,feu,,,,,,champ d'expansion des crues,,,,,,,,,,,,,,,,,zone inondable,zone non saturée,,,,,,,,,,place de recherche géologique et minières,,"essentiel d’etudes et d’expertises sur les risques, l’environnement, la mobilité et l’aménagement",,charger départementale des territoires,,charger départementale des territoires et de la mer,,mécanisme_de_défense de la forêt contre l’incendie,,document d’informations communal sur les risques majeurs,,"charger régionale de l’environnement, de l’aménagement et du logement",,,,,,organisation de la réponse de securité civile,,intention d’actions pour la prévention des inondations,,avantage haute eau connue,ébauche de prévention des risques ,,ébauche de prévention des risques naturels,,ébauche particulier de mise en sûreté,,ébauche communal de sauvegarde,,office de prévention des crues
12,,,,,,,,,fin froid,,,,,,,,,,,,,,,,,phrase de terrain,,,,,,,,,,inspirer,inspirer de forêt,,conflagration,,,,,,théâtre d'expansion des crues,,,,,,,,,,,,,,,,,région inondable,région non saturée,,,,,,,,,,secrétaire de recherche géologique et minières,,"central d’etudes et d’expertises sur les risques, l’environnement, la mobilité et l’aménagement",,conseil départementale des territoires,,conseil départementale des territoires et de la mer,,défense de la forêt contre l’incendie,,action d’informations communal sur les risques majeurs,,"conseil régionale de l’environnement, de l’aménagement et du logement",,,,,,,,plates-formes d’actions pour la prévention des inondations,,addition haute eau connue,élaboration de prévention des risques ,,élaboration de prévention des risques naturels,,élaboration particulier de mise en sûreté,,élaboration communal de sauvegarde,,fonction_publique de prévention des crues
13,,,,,,,,,principal froid,,,,,,,,,,,,,,,,,jet de terrain,,,,,,,,,,élever,élever de forêt,,tirer,,,,,,attribut d'expansion des crues,,,,,,,,,,,,,,,,,sphère inondable,sphère non saturée,,,,,,,,,,puissance de recherche géologique et minières,,"observatoire d’etudes et d’expertises sur les risques, l’environnement, la mobilité et l’aménagement",,,,,,exonération de la forêt contre l’incendie,,geste d’informations communal sur les risques majeurs,,,,,,,,,,émission d’actions pour la prévention des inondations,,ajout haute eau connue,programme de prévention des risques ,,programme de prévention des risques naturels,,programme particulier de mise en sûreté,,programme communal de sauvegarde,,appareil de prévention des crues
14,,,,,,,,,enceinte froid,,,,,,,,,,,,,,,,,résolution de terrain,,,,,,,,,,part,part de forêt,,,,,,,,de_courses d'expansion des crues,,,,,,,,,,,,,,,,,circonscription inondable,circonscription non saturée,,,,,,,,,,,,"autocommutateur d’etudes et d’expertises sur les risques, l’environnement, la mobilité et l’aménagement",,,,,,defence_force de la forêt contre l’incendie,,fait d’informations communal sur les risques majeurs,,,,,,,,,,,,ni_plus_ni_moins haute eau connue,planifier de prévention des risques ,,planifier de prévention des risques naturels,,planifier particulier de mise en sûreté,,planifier communal de sauvegarde,,ready de prévention des crues
15,,,,,,,,,bath froid,,,,,,,,,,,,,,,,,bm de terrain,,,,,,,,,,ouvrir_le_feu,ouvrir_le_feu de forêt,,,,,,,,,,,,,,,,,,,,,,,,,,,,,,,,,,,,,,"coeur d’etudes et d’expertises sur les risques, l’environnement, la mobilité et l’aménagement",,,,,,bannissement de la forêt contre l’incendie,,haut_fait d’informations communal sur les risques majeurs,,,,,,,,,,,,au haute eau connue,côte de prévention des risques ,,côte de prévention des risques naturels,,côte particulier de mise en sûreté,,côte communal de sauvegarde,,jeu de prévention des crues
16,,,,,,,,,ample froid,,,,,,,,,,,,,,,,,symbolique de terrain,,,,,,,,,,angle,angle de forêt,,,,,,,,,,,,,,,,,,,,,,,,,,,,,,,,,,,,,,"substance d’etudes et d’expertises sur les risques, l’environnement, la mobilité et l’aménagement",,,,,,alibi de la forêt contre l’incendie,,acte d’informations communal sur les risques majeurs,,,,,,,,,,,,signe_plus haute eau connue,généralité de prévention des risques ,,généralité de prévention des risques naturels,,généralité particulier de mise en sûreté,,généralité communal de sauvegarde,,scene de prévention des crues
17,,,,,,,,,majeur froid,,,,,,,,,,,,,,,,,cause de terrain,,,,,,,,,,zèle,zèle de forêt,,,,,,,,,,,,,,,,,,,,,,,,,,,,,,,,,,,,,,"œil d’etudes et d’expertises sur les risques, l’environnement, la mobilité et l’aménagement",,,,,,dent_saillante de la forêt contre l’incendie,,fichier_ascii d’informations communal sur les risques majeurs,,,,,,,,,,,,niveau haute eau connue,inclinaison de prévention des risques ,,inclinaison de prévention des risques naturels,,inclinaison particulier de mise en sûreté,,inclinaison communal de sauvegarde,,chapitre de prévention des crues
18,,,,,,,,,beau froid,,,,,,,,,,,,,,,,,évolution de terrain,,,,,,,,,,faible,faible de forêt,,,,,,,,,,,,,,,,,,,,,,,,,,,,,,,,,,,,,,"fond d’etudes et d’expertises sur les risques, l’environnement, la mobilité et l’aménagement",,,,,,excuser de la forêt contre l’incendie,,besogne d’informations communal sur les risques majeurs,,,,,,,,,,,,actif haute eau connue,gradient de prévention des risques ,,gradient de prévention des risques naturels,,gradient particulier de mise en sûreté,,gradient communal de sauvegarde,,tâche de prévention des crues
19,,,,,,,,,gravide froid,,,,,,,,,,,,,,,,,déplacement de terrain,,,,,,,,,,feux_tricolores,feux_tricolores de forêt,,,,,,,,,,,,,,,,,,,,,,,,,,,,,,,,,,,,,,"région_du_centre d’etudes et d’expertises sur les risques, l’environnement, la mobilité et l’aménagement",,,,,,ivoire de la forêt contre l’incendie,,corroboration d’informations communal sur les risques majeurs,,,,,,,,,,,,autant haute eau connue,plat de prévention des risques ,,plat de prévention des risques naturels,,plat particulier de mise en sûreté,,plat communal de sauvegarde,,chose de prévention des crues
20,,,,,,,,,pas_mal froid,,,,,,,,,,,,,,,,,,,,,,,,,,,propagateur,propagateur de forêt,,,,,,,,,,,,,,,,,,,,,,,,,,,,,,,,,,,,,,"noyau d’etudes et d’expertises sur les risques, l’environnement, la mobilité et l’aménagement",,,,,,déni de la forêt contre l’incendie,,,,,,,,,,,,,,pratiquement haute eau connue,intention de prévention des risques ,,intention de prévention des risques naturels,,intention particulier de mise en sûreté,,intention communal de sauvegarde,,section de prévention des crues
21,,,,,,,,,nombreux froid,,,,,,,,,,,,,,,,,,,,,,,,,,,évoquer,évoquer de forêt,,,,,,,,,,,,,,,,,,,,,,,,,,,,,,,,,,,,,,"cœur d’etudes et d’expertises sur les risques, l’environnement, la mobilité et l’aménagement",,,,,,protection de la forêt contre l’incendie,,,,,,,,,,,,,,haut haute eau connue,illustration de prévention des risques ,,illustration de prévention des risques naturels,,illustration particulier de mise en sûreté,,illustration communal de sauvegarde,,seth de prévention des crues
22,,,,,,,,,lourd froid,,,,,,,,,,,,,,,,,,,,,,,,,,,carrefour_à_feux,carrefour_à_feux de forêt,,,,,,,,,,,,,,,,,,,,,,,,,,,,,,,,,,,,,,"moelle d’etudes et d’expertises sur les risques, l’environnement, la mobilité et l’aménagement",,,,,,,,,,,,,,,,,,,,au_plus_haut_niveau haute eau connue,pente de prévention des risques ,,pente de prévention des risques naturels,,pente particulier de mise en sûreté,,pente communal de sauvegarde,,tenue de prévention des crues
23,,,,,,,,,étendu froid,,,,,,,,,,,,,,,,,,,,,,,,,,,antithermique,antithermique de forêt,,,,,,,,,,,,,,,,,,,,,,,,,,,,,,,,,,,,,,"centrer d’etudes et d’expertises sur les risques, l’environnement, la mobilité et l’aménagement",,,,,,,,,,,,,,,,,,,,priorité haute eau connue,concevoir de prévention des risques ,,concevoir de prévention des risques naturels,,concevoir particulier de mise en sûreté,,concevoir communal de sauvegarde,,set de prévention des crues
24,,,,,,,,,fort froid,,,,,,,,,,,,,,,,,,,,,,,,,,,licht,licht de forêt,,,,,,,,,,,,,,,,,,,,,,,,,,,,,,,,,,,,,,"trognon d’etudes et d’expertises sur les risques, l’environnement, la mobilité et l’aménagement",,,,,,,,,,,,,,,,,,,,,,,,,,,,,travail de prévention des crues
25,,,,,,,,,généreux froid,,,,,,,,,,,,,,,,,,,,,,,,,,,incendier,incendier de forêt,,,,,,,,,,,,,,,,,,,,,,,,,,,,,,,,,,,,,,"commutateur_téléphonique d’etudes et d’expertises sur les risques, l’environnement, la mobilité et l’aménagement",,,,,,,,,,,,,,,,,,,,,,,,,,,,,prestation de prévention des crues
26,,,,,,,,,fameux froid,,,,,,,,,,,,,,,,,,,,,,,,,,,phare,phare de forêt,,,,,,,,,,,,,,,,,,,,,,,,,,,,,,,,,,,,,,"centre_commercial d’etudes et d’expertises sur les risques, l’environnement, la mobilité et l’aménagement",,,,,,,,,,,,,,,,,,,,,,,,,,,,,ministère de prévention des crues
27,,,,,,,,,vaniteux froid,,,,,,,,,,,,,,,,,,,,,,,,,,,lampadaire,lampadaire de forêt,,,,,,,,,,,,,,,,,,,,,,,,,,,,,,,,,,,,,,"place d’etudes et d’expertises sur les risques, l’environnement, la mobilité et l’aménagement",,,,,,,,,,,,,,,,,,,,,,,,,,,,,entretien de prévention des crues
28,,,,,,,,,éminent froid,,,,,,,,,,,,,,,,,,,,,,,,,,,provoquer,provoquer de forêt,,,,,,,,,,,,,,,,,,,,,,,,,,,,,,,,,,,,,,,,,,,,,,,,,,,,,,,,,,,,,,,,,,,présence de prévention des crues
29,,,,,,,,,imposant froid,,,,,,,,,,,,,,,,,,,,,,,,,,,susciter,susciter de forêt,,,,,,,,,,,,,,,,,,,,,,,,,,,,,,,,,,,,,,,,,,,,,,,,,,,,,,,,,,,,,,,,,,,emploi de prévention des crues
30,,,,,,,,,mûr froid,,,,,,,,,,,,,,,,,,,,,,,,,,,chaleur,chaleur de forêt,,,,,,,,,,,,,,,,,,,,,,,,,,,,,,,,,,,,,,,,,,,,,,,,,,,,,,,,,,,,,,,,,,,installation de prévention des crues
31,,,,,,,,,gros froid,,,,,,,,,,,,,,,,,,,,,,,,,,,irriter,irriter de forêt,,,,,,,,,,,,,,,,,,,,,,,,,,,,,,,,,,,,,,,,,,,,,,,,,,,,,,,,,,,,,,,,,,,garde de prévention des crues
32,,,,,,,,,puissant froid,,,,,,,,,,,,,,,,,,,,,,,,,,,décharger,décharger de forêt,,,,,,,,,,,,,,,,,,,,,,,,,,,,,,,,,,,,,,,,,,,,,,,,,,,,,,,,,,,,,,,,,,,ensemble de prévention des crues
33,,,,,,,,,orgueilleuse froid,,,,,,,,,,,,,,,,,,,,,,,,,,,ferveur,ferveur de forêt,,,,,,,,,,,,,,,,,,,,,,,,,,,,,,,,,,,,,,,,,,,,,,,,,,,,,,,,,,,,,,,,,,,domaine de prévention des crues
34,,,,,,,,,sensass froid,,,,,,,,,,,,,,,,,,,,,,,,,,,déterminer,déterminer de forêt,,,,,,,,,,,,,,,,,,,,,,,,,,,,,,,,,,,,,,,,,,,,,,,,,,,,,,,,,,,,,,,,,,,assistance de prévention des crues
35,,,,,,,,,solide froid,,,,,,,,,,,,,,,,,,,,,,,,,,,jour,jour de forêt,,,,,,,,,,,,,,,,,,,,,,,,,,,,,,,,,,,,,,,,,,,,,,,,,,,,,,,,,,,,,,,,,,,branche de prévention des crues
36,,,,,,,,,merveilleux froid,,,,,,,,,,,,,,,,,,,,,,,,,,,feux_de_circulation,feux_de_circulation de forêt,,,,,,,,,,,,,,,,,,,,,,,,,,,,,,,,,,,,,,,,,,,,,,,,,,,,,,,,,,,,,,,,,,,
37,,,,,,,,,plantureux froid,,,,,,,,,,,,,,,,,,,,,,,,,,,exalter,exalter de forêt,,,,,,,,,,,,,,,,,,,,,,,,,,,,,,,,,,,,,,,,,,,,,,,,,,,,,,,,,,,,,,,,,,,
38,,,,,,,,,abondant froid,,,,,,,,,,,,,,,,,,,,,,,,,,,carburant,carburant de forêt,,,,,,,,,,,,,,,,,,,,,,,,,,,,,,,,,,,,,,,,,,,,,,,,,,,,,,,,,,,,,,,,,,,
39,,,,,,,,,spacieux froid,,,,,,,,,,,,,,,,,,,,,,,,,,,attaque,attaque de forêt,,,,,,,,,,,,,,,,,,,,,,,,,,,,,,,,,,,,,,,,,,,,,,,,,,,,,,,,,,,,,,,,,,,
40,,,,,,,,,haut froid,,,,,,,,,,,,,,,,,,,,,,,,,,,lumière,lumière de forêt,,,,,,,,,,,,,,,,,,,,,,,,,,,,,,,,,,,,,,,,,,,,,,,,,,,,,,,,,,,,,,,,,,,
41,,,,,,,,,large froid,,,,,,,,,,,,,,,,,,,,,,,,,,,attentat,attentat de forêt,,,,,,,,,,,,,,,,,,,,,,,,,,,,,,,,,,,,,,,,,,,,,,,,,,,,,,,,,,,,,,,,,,,
42,,,,,,,,,très_bien froid,,,,,,,,,,,,,,,,,,,,,,,,,,,prescrire,prescrire de forêt,,,,,,,,,,,,,,,,,,,,,,,,,,,,,,,,,,,,,,,,,,,,,,,,,,,,,,,,,,,,,,,,,,,
43,,,,,,,,,considérable froid,,,,,,,,,,,,,,,,,,,,,,,,,,,partir,partir de forêt,,,,,,,,,,,,,,,,,,,,,,,,,,,,,,,,,,,,,,,,,,,,,,,,,,,,,,,,,,,,,,,,,,,
44,,,,,,,,,,,,,,,,,,,,,,,,,,,,,,,,,,,,léger,léger de forêt,,,,,,,,,,,,,,,,,,,,,,,,,,,,,,,,,,,,,,,,,,,,,,,,,,,,,,,,,,,,,,,,,,,
45,,,,,,,,,,,,,,,,,,,,,,,,,,,,,,,,,,,,feu,feu de forêt,,,,,,,,,,,,,,,,,,,,,,,,,,,,,,,,,,,,,,,,,,,,,,,,,,,,,,,,,,,,,,,,,,,
