aire urbaine,unité urbaine,aménagement,artificialisation,autorisation d’urbanisme,bâti,cadastre,code de l’urbanisme,construction,dent creuse,densification,droit urbain,développement urbain,développement territorial,développement local,espaces naturels,extension,gouvernance,infrastructure,mise en valeur,occupation des sols,organisation de la ville,plu,scot,partenariat public privé,patrimoine,permis de construire,permis d'aménager,permis démolir,plan d'aménagement,planification urbaine,préservation,protection,réhabilitation,renouvellement urbain,réseaux urbains,territoire,tissu urbain,vrd,zonage,cos,coefficient d’occupation des sols,ddt,direction départementale des territoires,dup,déclaration d’utilité publique,ens,espaces naturels sensibles,epci,établissement public de coopération intercommunale,oap,orientation d’aménagement et de programmation,padd,plan d’aménagement et de développement durable,pae,programme d’aménagement d’ensemble,pdu,plan de déplacement urbain,plan local d’urbanisme,plui,plan local d’urbanisme intercommunal,ppp,psmv,plan de sauvegarde et mise en valeur,pup,projet urbain partenarial,sage,schéma d’aménagement et de gestion des eaux,sdage,schéma directeur d’aménagement et de gestion des eaux,schéma de cohérence territorial,srce,schéma régional de cohérence ecologique,sraddet,schéma régional d’aménagement de développement durable et d’egalité des territoires,sup,servitude d’utilité publique,tvb,trame verte et bleue,voirie réseaux divers,zac,zone d’aménagement concerté
pays urbaine,union urbaine,,,apurement d’urbanisme,,,chiffrer de l’urbanisme,immeuble,andouiller creuse,,police urbain,croissance urbain,croissance territorial,croissance local,,appendice,,base,uvre en valeur,emploi des sols,organe de la ville,,,collaboration public privé,héritage,permettre de construire,permettre d'aménager,permettre démolir,diagramme d'aménagement,conception urbaine,conservation,tribut,remise,réhabilitation urbain,,district,linge urbain,,,kos,facteur d’occupation des sols,DDT,commission départementale des territoires,,jugement d’utilité publique,,,,création public de coopération intercommunale,,commission d’aménagement et de programmation,,diagramme d’aménagement et de développement durable,,planning d’aménagement d’ensemble,,diagramme de déplacement urbain,diagramme local d’urbanisme,,diagramme local d’urbanisme intercommunal,Point-to-Point_Tunneling_Protocol,,diagramme de sauvegarde et mise en valeur,,diagramme urbain partenarial,bon,modèle d’aménagement et de gestion des eaux,,modèle directeur d’aménagement et de gestion des eaux,modèle de cohérence territorial,,modèle régional de cohérence ecologique,,modèle régional d’aménagement de développement durable et d’egalité des territoires,,servage d’utilité publique,,ouaf verte et bleue,,,pays d’aménagement concerté
espace urbaine,unité_de_mesure urbaine,,,commission d’urbanisme,,,coder de l’urbanisme,bâtiment,prong creuse,,debout urbain,augmentation urbain,augmentation territorial,augmentation local,,accessoire,,,pari en valeur,job des sols,système de la ville,,,communauté public privé,fortune,certificat de construire,certificat d'aménager,certificat démolir,carte d'aménagement,programmation urbaine,protéger,sécurité,renouvellement,renouveau urbain,,quartier,étoffe urbain,,,,,dichlorodiphényltrichloroéthane,sens départementale des territoires,,énoncé d’utilité publique,,,,formation public de coopération intercommunale,,direction d’aménagement et de programmation,,carte d’aménagement et de développement durable,,plate-forme d’aménagement d’ensemble,,carte de déplacement urbain,carte local d’urbanisme,,carte local d’urbanisme intercommunal,PPP,,carte de sauvegarde et mise en valeur,,but urbain partenarial,sagesse,diagramme d’aménagement et de gestion des eaux,,diagramme directeur d’aménagement et de gestion des eaux,diagramme de cohérence territorial,,diagramme régional de cohérence ecologique,,diagramme régional d’aménagement de développement durable et d’egalité des territoires,,joug d’utilité publique,,fil_de_trame verte et bleue,,,royaume d’aménagement concerté
acréage urbaine,tout urbaine,,,mandat d’urbanisme,,,crypter de l’urbanisme,appuyer,fourchon creuse,,permanent urbain,accroissement urbain,accroissement territorial,accroissement local,,,,,début en valeur,fonction des sols,création de la ville,,,,propriété,débit de construire,débit d'aménager,débit démolir,schéma d'aménagement,préparation urbaine,,égide,,substitution urbain,,zone,toile urbain,,,,,,guidance départementale des territoires,,règlement d’utilité publique,,,,administration public de coopération intercommunale,,guidance d’aménagement et de programmation,,schéma d’aménagement et de développement durable,,programme_informatique d’aménagement d’ensemble,,schéma de déplacement urbain,schéma local d’urbanisme,,schéma local d’urbanisme intercommunal,,,schéma de sauvegarde et mise en valeur,,spécimen urbain partenarial,sauge,dessiner d’aménagement et de gestion des eaux,,dessiner directeur d’aménagement et de gestion des eaux,dessiner de cohérence territorial,,dessiner régional de cohérence ecologique,,dessiner régional d’aménagement de développement durable et d’egalité des territoires,,,,,,,espace d’aménagement concerté
orbite urbaine,ensemble urbaine,,,dédouanement d’urbanisme,,,encoder de l’urbanisme,expression,bec creuse,,égal urbain,grandir urbain,grandir territorial,grandir local,,,,,présentation en valeur,profession des sols,formation de la ville,,,,accessoire,licence de construire,licence d'aménager,licence démolir,déclivité d'aménagement,,,lunettes,,remplaçant urbain,,circonscription,textile urbain,,,,,,orientation départementale des territoires,,vue d’utilité publique,,,,corroboration public de coopération intercommunale,,voie d’aménagement et de programmation,,déclivité d’aménagement et de développement durable,,ordre_du_jour d’aménagement d’ensemble,,déclivité de déplacement urbain,déclivité local d’urbanisme,,déclivité local d’urbanisme intercommunal,,,déclivité de sauvegarde et mise en valeur,,schéma urbain partenarial,sauges,esquisse d’aménagement et de gestion des eaux,,esquisse directeur d’aménagement et de gestion des eaux,esquisse de cohérence territorial,,esquisse régional de cohérence ecologique,,esquisse régional d’aménagement de développement durable et d’egalité des territoires,,,,,,,district d’aménagement concerté
la_rivière_aire urbaine,intégrité urbaine,,,permettre d’urbanisme,,,,terme,,,quadrant urbain,pousser urbain,pousser territorial,pousser local,,,,,élément en valeur,travail des sols,corps de la ville,,,,,autorisation de construire,autorisation d'aménager,autorisation démolir,projeter d'aménagement,,,hommage,,remise urbain,,terre,tenue urbain,,,,,,voie départementale des territoires,,prononciation d’utilité publique,,,,gérance public de coopération intercommunale,,préférence d’aménagement et de programmation,,projeter d’aménagement et de développement durable,,application d’aménagement d’ensemble,,projeter de déplacement urbain,projeter local d’urbanisme,,projeter local d’urbanisme intercommunal,,,projeter de sauvegarde et mise en valeur,,dessein urbain partenarial,son,projet d’aménagement et de gestion des eaux,,projet directeur d’aménagement et de gestion des eaux,projet de cohérence territorial,,projet régional de cohérence ecologique,,projet régional d’aménagement de développement durable et d’egalité des territoires,,,,,,,orbite d’aménagement concerté
contrée urbaine,groupe urbaine,,,permis d’urbanisme,,,,bâtir,,,taxe urbain,accrétion urbain,accrétion territorial,accrétion local,,,,,accès en valeur,place des sols,administration de la ville,,,,,,,,programmer d'aménagement,,,défense,,rénovation urbain,,,matière urbain,,,,,,administration départementale des territoires,,vocalisation d’utilité publique,,,,constitution public de coopération intercommunale,,charger d’aménagement et de programmation,,programmer d’aménagement et de développement durable,,projet d’aménagement d’ensemble,,programmer de déplacement urbain,programmer local d’urbanisme,,programmer local d’urbanisme intercommunal,,,programmer de sauvegarde et mise en valeur,,effet urbain partenarial,raisonnable,plan d’aménagement et de gestion des eaux,,plan directeur d’aménagement et de gestion des eaux,plan de cohérence territorial,,plan régional de cohérence ecologique,,plan régional d’aménagement de développement durable et d’egalité des territoires,,,,,,,aire d’aménagement concerté
surface urbaine,totalité urbaine,,,certificat d’urbanisme,,,,structure,,,rapidement urbain,évolution urbain,évolution territorial,évolution local,,,,,exécution en valeur,tâche des sols,gérance de la ville,,,,,,,,esquisse d'aménagement,,,,,,,,chiffon urbain,,,,,,management départementale des territoires,,gouvernement d’utilité publique,,,,validation public de coopération intercommunale,,sens d’aménagement et de programmation,,esquisse d’aménagement et de développement durable,,calendrier d’aménagement d’ensemble,,esquisse de déplacement urbain,esquisse local d’urbanisme,,esquisse local d’urbanisme intercommunal,,,esquisse de sauvegarde et mise en valeur,,saillie urbain partenarial,sensé,ébauche d’aménagement et de gestion des eaux,,ébauche directeur d’aménagement et de gestion des eaux,ébauche de cohérence territorial,,ébauche régional de cohérence ecologique,,ébauche régional d’aménagement de développement durable et d’egalité des territoires,,,,,,,monde d’aménagement concerté
domaine urbaine,morceau urbaine,,,débit d’urbanisme,,,,physique,,,carré urbain,ontogenèse urbain,ontogenèse territorial,ontogenèse local,,,,,création en valeur,métier des sols,établissement de la ville,,,,,,,,rabot d'aménagement,,,,,,,,,,,,,,gestion départementale des territoires,,annonciation d’utilité publique,,,,institution public de coopération intercommunale,,,,rabot d’aménagement et de développement durable,,horaire d’aménagement d’ensemble,,rabot de déplacement urbain,rabot local d’urbanisme,,rabot local d’urbanisme intercommunal,,,rabot de sauvegarde et mise en valeur,,plan urbain partenarial,sain,illustration d’aménagement et de gestion des eaux,,illustration directeur d’aménagement et de gestion des eaux,illustration de cohérence territorial,,illustration régional de cohérence ecologique,,illustration régional d’aménagement de développement durable et d’egalité des territoires,,,,,,,territoire d’aménagement concerté
zone urbaine,,,,licence d’urbanisme,,,,construire,,,devoir urbain,,,,,,,,application en valeur,,groupe de la ville,,,,,,,,projet d'aménagement,,,,,,,,,,,,,,mode départementale des territoires,,contracter d’utilité publique,,,,organisation public de coopération intercommunale,,,,projet d’aménagement et de développement durable,,plan d’aménagement d’ensemble,,projet de déplacement urbain,projet local d’urbanisme,,projet local d’urbanisme intercommunal,,,projet de sauvegarde et mise en valeur,,fin urbain partenarial,salvia,,,,,,,,,,,,,,,contrée d’aménagement concerté
région urbaine,,,,permission d’urbanisme,,,,,,,juste urbain,,,,,,,,candidature en valeur,,constitution de la ville,,,,,,,,conception d'aménagement,,,,,,,,,,,,,,avis départementale des territoires,,opinion d’utilité publique,,,,,,,,conception d’aménagement et de développement durable,,conception d’aménagement d’ensemble,,conception de déplacement urbain,conception local d’urbanisme,,conception local d’urbanisme intercommunal,,,conception de sauvegarde et mise en valeur,,vue urbain partenarial,,,,,,,,,,,,,,,,quartier d’aménagement concerté
superficie urbaine,,,,sanctionner d’urbanisme,,,,,,,fiable urbain,,,,,,,,ensemble en valeur,,organisme de la ville,,,,,,,,ébauche d'aménagement,,,,,,,,,,,,,,charger départementale des territoires,,expression d’utilité publique,,,,,,,,ébauche d’aménagement et de développement durable,,intention d’aménagement d’ensemble,,ébauche de déplacement urbain,ébauche local d’urbanisme,,ébauche local d’urbanisme intercommunal,,,ébauche de sauvegarde et mise en valeur,,modèle urbain partenarial,,,,,,,,,,,,,,,,domaine d’aménagement concerté
sphère urbaine,,,,partir d’urbanisme,,,,,,,sûr urbain,,,,,,,,série en valeur,,,,,,,,,,élaboration d'aménagement,,,,,,,,,,,,,,conseil départementale des territoires,,parole d’utilité publique,,,,,,,,élaboration d’aménagement et de développement durable,,plates-formes d’aménagement d’ensemble,,élaboration de déplacement urbain,élaboration local d’urbanisme,,élaboration local d’urbanisme intercommunal,,,élaboration de sauvegarde et mise en valeur,,stratégie urbain partenarial,,,,,,,,,,,,,,,,région d’aménagement concerté
,,,,autorité d’urbanisme,,,,,,,droitier urbain,,,,,,,,parier en valeur,,,,,,,,,,programme d'aménagement,,,,,,,,,,,,,,,,résoudre d’utilité publique,,,,,,,,programme d’aménagement et de développement durable,,émission d’aménagement d’ensemble,,programme de déplacement urbain,programme local d’urbanisme,,programme local d’urbanisme intercommunal,,,programme de sauvegarde et mise en valeur,,esquisse urbain partenarial,,,,,,,,,,,,,,,,sphère d’aménagement concerté
,,,,,,,,,,,philosophie_du_droit urbain,,,,,,,,mise_en_œuvre en valeur,,,,,,,,,,planifier d'aménagement,,,,,,,,,,,,,,,,promulgation d’utilité publique,,,,,,,,planifier d’aménagement et de développement durable,,,,planifier de déplacement urbain,planifier local d’urbanisme,,planifier local d’urbanisme intercommunal,,,planifier de sauvegarde et mise en valeur,,conception urbain partenarial,,,,,,,,,,,,,,,,circonscription d’aménagement concerté
,,,,,,,,,,,angle_droit urbain,,,,,,,,introduction en valeur,,,,,,,,,,côte d'aménagement,,,,,,,,,,,,,,,,propos d’utilité publique,,,,,,,,côte d’aménagement et de développement durable,,,,côte de déplacement urbain,côte local d’urbanisme,,côte local d’urbanisme intercommunal,,,côte de sauvegarde et mise en valeur,,ébauche urbain partenarial,,,,,,,,,,,,,,,,
,,,,,,,,,,,direct urbain,,,,,,,,baptême en valeur,,,,,,,,,,généralité d'aménagement,,,,,,,,,,,,,,,,penser d’utilité publique,,,,,,,,généralité d’aménagement et de développement durable,,,,généralité de déplacement urbain,généralité local d’urbanisme,,généralité local d’urbanisme intercommunal,,,généralité de sauvegarde et mise en valeur,,propos urbain partenarial,,,,,,,,,,,,,,,,
,,,,,,,,,,,droit_naturel urbain,,,,,,,,entrée en valeur,,,,,,,,,,inclinaison d'aménagement,,,,,,,,,,,,,,,,contractuel d’utilité publique,,,,,,,,inclinaison d’aménagement et de développement durable,,,,inclinaison de déplacement urbain,inclinaison local d’urbanisme,,inclinaison local d’urbanisme intercommunal,,,inclinaison de sauvegarde et mise en valeur,,programme urbain partenarial,,,,,,,,,,,,,,,,
,,,,,,,,,,,droit_de_douane urbain,,,,,,,,,,,,,,,,,,gradient d'aménagement,,,,,,,,,,,,,,,,tenue d’utilité publique,,,,,,,,gradient d’aménagement et de développement durable,,,,gradient de déplacement urbain,gradient local d’urbanisme,,gradient local d’urbanisme intercommunal,,,gradient de sauvegarde et mise en valeur,,intention urbain partenarial,,,,,,,,,,,,,,,,
,,,,,,,,,,,tout_droit urbain,,,,,,,,,,,,,,,,,,plat d'aménagement,,,,,,,,,,,,,,,,œil d’utilité publique,,,,,,,,plat d’aménagement et de développement durable,,,,plat de déplacement urbain,plat local d’urbanisme,,plat local d’urbanisme intercommunal,,,plat de sauvegarde et mise en valeur,,illustration urbain partenarial,,,,,,,,,,,,,,,,
,,,,,,,,,,,confiance urbain,,,,,,,,,,,,,,,,,,intention d'aménagement,,,,,,,,,,,,,,,,émission_sonore d’utilité publique,,,,,,,,intention d’aménagement et de développement durable,,,,intention de déplacement urbain,intention local d’urbanisme,,intention local d’urbanisme intercommunal,,,intention de sauvegarde et mise en valeur,,objectif urbain partenarial,,,,,,,,,,,,,,,,
,,,,,,,,,,,honnête urbain,,,,,,,,,,,,,,,,,,illustration d'aménagement,,,,,,,,,,,,,,,,contrat d’utilité publique,,,,,,,,illustration d’aménagement et de développement durable,,,,illustration de déplacement urbain,illustration local d’urbanisme,,illustration local d’urbanisme intercommunal,,,illustration de sauvegarde et mise en valeur,,dessin urbain partenarial,,,,,,,,,,,,,,,,
,,,,,,,,,,,bon urbain,,,,,,,,,,,,,,,,,,pente d'aménagement,,,,,,,,,,,,,,,,résolution d’utilité publique,,,,,,,,pente d’aménagement et de développement durable,,,,pente de déplacement urbain,pente local d’urbanisme,,pente local d’urbanisme intercommunal,,,pente de sauvegarde et mise en valeur,,entreprise urbain partenarial,,,,,,,,,,,,,,,,
,,,,,,,,,,,fidèle urbain,,,,,,,,,,,,,,,,,,concevoir d'aménagement,,,,,,,,,,,,,,,,arrêt d’utilité publique,,,,,,,,concevoir d’aménagement et de développement durable,,,,concevoir de déplacement urbain,concevoir local d’urbanisme,,concevoir local d’urbanisme intercommunal,,,concevoir de sauvegarde et mise en valeur,,lynx urbain partenarial,,,,,,,,,,,,,,,,
,,,,,,,,,,,à_droite urbain,,,,,,,,,,,,,,,,,,,,,,,,,,,,,,,,,,proclamation d’utilité publique,,,,,,,,,,,,,,,,,,,,texte urbain partenarial,,,,,,,,,,,,,,,,
,,,,,,,,,,,puissant urbain,,,,,,,,,,,,,,,,,,,,,,,,,,,,,,,,,,décision d’utilité publique,,,,,,,,,,,,,,,,,,,,mode urbain partenarial,,,,,,,,,,,,,,,,
,,,,,,,,,,,loi urbain,,,,,,,,,,,,,,,,,,,,,,,,,,,,,,,,,,annonce d’utilité publique,,,,,,,,,,,,,,,,,,,,,,,,,,,,,,,,,,,,
,,,,,,,,,,,jeûner urbain,,,,,,,,,,,,,,,,,,,,,,,,,,,,,,,,,,articulation d’utilité publique,,,,,,,,,,,,,,,,,,,,,,,,,,,,,,,,,,,,
,,,,,,,,,,,correctement urbain,,,,,,,,,,,,,,,,,,,,,,,,,,,,,,,,,,moi d’utilité publique,,,,,,,,,,,,,,,,,,,,,,,,,,,,,,,,,,,,
,,,,,,,,,,,législation urbain,,,,,,,,,,,,,,,,,,,,,,,,,,,,,,,,,,affirmation d’utilité publique,,,,,,,,,,,,,,,,,,,,,,,,,,,,,,,,,,,,
,,,,,,,,,,,directement urbain,,,,,,,,,,,,,,,,,,,,,,,,,,,,,,,,,,communication d’utilité publique,,,,,,,,,,,,,,,,,,,,,,,,,,,,,,,,,,,,
,,,,,,,,,,,vertical urbain,,,,,,,,,,,,,,,,,,,,,,,,,,,,,,,,,,public d’utilité publique,,,,,,,,,,,,,,,,,,,,,,,,,,,,,,,,,,,,
,,,,,,,,,,,tarif urbain,,,,,,,,,,,,,,,,,,,,,,,,,,,,,,,,,,avis d’utilité publique,,,,,,,,,,,,,,,,,,,,,,,,,,,,,,,,,,,,
,,,,,,,,,,,convenable urbain,,,,,,,,,,,,,,,,,,,,,,,,,,,,,,,,,,,,,,,,,,,,,,,,,,,,,,,,,,,,,,,,,,,,,,
,,,,,,,,,,,proprement urbain,,,,,,,,,,,,,,,,,,,,,,,,,,,,,,,,,,,,,,,,,,,,,,,,,,,,,,,,,,,,,,,,,,,,,,
,,,,,,,,,,,loyal urbain,,,,,,,,,,,,,,,,,,,,,,,,,,,,,,,,,,,,,,,,,,,,,,,,,,,,,,,,,,,,,,,,,,,,,,
,,,,,,,,,,,vrai urbain,,,,,,,,,,,,,,,,,,,,,,,,,,,,,,,,,,,,,,,,,,,,,,,,,,,,,,,,,,,,,,,,,,,,,,
,,,,,,,,,,,rapide urbain,,,,,,,,,,,,,,,,,,,,,,,,,,,,,,,,,,,,,,,,,,,,,,,,,,,,,,,,,,,,,,,,,,,,,,
,,,,,,,,,,,véritable urbain,,,,,,,,,,,,,,,,,,,,,,,,,,,,,,,,,,,,,,,,,,,,,,,,,,,,,,,,,,,,,,,,,,,,,,
,,,,,,,,,,,système_judiciaire urbain,,,,,,,,,,,,,,,,,,,,,,,,,,,,,,,,,,,,,,,,,,,,,,,,,,,,,,,,,,,,,,,,,,,,,,
,,,,,,,,,,,policier urbain,,,,,,,,,,,,,,,,,,,,,,,,,,,,,,,,,,,,,,,,,,,,,,,,,,,,,,,,,,,,,,,,,,,,,,
